net_id,from_part,from_terminal,to_part,to_terminal,voltage_domain,retention_and_orientation,current_or_wire_basis,source_basis,release_status
W2-BATPOS,V2-BAT-001,M8 positive marked+,V2-MAINPROTECT-OPEN,Fuse and service-isolator input,Battery11.2..14.4V static,Covered bolted lug;torque and cable lug part UNKNOWN,Prospective fault current and cable ampacity UNKNOWN,INHERITED:SRC-BATTERY,NOT_BUILD_AUTHORIZED
W2-POSBUS,V2-MAINPROTECT-OPEN,Isolated fused output,V2-TERM5:P,Common positive splice port1,Battery11.2..14.4V static,221-415 lever retention inside enclosure;common-potential ports not independent poles,Vendor32A/450V terminal values not installation or fault rating,S-WAGO5,PROTECTION_OPEN
W2-CHARGEBAT,V2-TERM5:P,Port2 via separate charge fuse UNKNOWN,V2-MPPT-001,BAT+ marked terminal,Battery charge bus,Battery charge bypasses load BatteryProtect;no reverse OUT-to-IN path,10A controller limit is NOT fuse selection,INHERITED:SRC-MPPT,CHARGE_FUSE_AND_SETTINGS_OPEN
W2-BPIN,V2-TERM5:P,Port3 via V2-FLOAD-CAND and holder,V2-LOADSW-001,IN M6 stud,Battery load branch,IN=battery;OUT=loads;5Nm vendor stud torque not whole harness release,0287005 and01550320ZXU ratings unverified;do not install by indexed5A claim,S-BP,LOAD_FUSE_OPEN
W2-BMSPOWER,V2-TERM5:P,Port4 via control fuse UNKNOWN,V2-BMS-001,Positive supply by actual terminal marking,Battery control branch,Supply marking/pin order must match selected revision;no guessed header indices,Vendor supply fuse0.3..2.5A;proposed1A part UNKNOWN,S-BMS,CONTROL_FUSE_OPEN
W2-NEG1,V2-BAT-001,M8 negative marked-,V2-TERM5:N1,Common negative port1,Battery return,Dedicated insulated return;no frame or seawater load return,Wire/lug/corrosion/fault qualification UNKNOWN,INHERITED:SRC-BATTERY;S-WAGO5,NOT_BUILD_AUTHORIZED
W2-NEGMPPT,V2-MPPT-001,BAT- marked terminal,V2-TERM5:N1,Port2,Battery return,Follow actual MPPT terminal markings;no inferred physical sequence,Actual cable/torque/voltage drop UNKNOWN,INHERITED:SRC-MPPT,CHARGE_PATH_OPEN
W2-NEGSERVICE,V2-TERM5:N1,Port3,V2-PP-BLACK:source,ContactN in1327G6FP housing,Load return,Conductor labels N-to-N;fingerproof both halves;BlockLok110G21 requires assembled polarity drawing,1331 contact selected12AWG scenario;derated rating/crimp qualified UNKNOWN,S-PP,KEY_AND_CRIMP_OPEN
W2-NEGBMS,V2-BMS-001,Negative supply by actual marking,V2-TERM5:N1,Port4,Battery control return,No ESP GPIO connection to BMS supply/outputs,Control-wire protection UNKNOWN,S-BMS,CONTROL_PROTECTION_OPEN
W2-NEGLINK,V2-TERM5:N1,Port5,V2-TERM5:N2,Port1,Battery return,Insulated jumper makes common negative distribution;no chassis bond,Wire ampacity/fuse let-through UNKNOWN,S-WAGO5,DISTRIBUTION_REVIEW_OPEN
W2-BPGND,V2-LOADSW-001,GND marked control terminal,V2-TERM5:N2,Port2 via ground fuse UNKNOWN,Battery control return,Follow manufacturer direct battery-negative ground path;no seawater/chassis substitution,Manufacturer says300mA sufficient;exact fuse/holder UNKNOWN,S-BP,GROUND_FUSE_OPEN
W2-SERVICEPOS,V2-LOADSW-001,OUT M6 stud,V2-PP-RED:source,ContactP in1327FP housing,Switched battery load,One2-pole service pair only;P-to-P andN-to-N across mirrored mating faces;not interchangeable with sensor/PV connectors,Family55A@10AWG is NOT selected12AWG assembly rating,S-BP;S-PP,KEY_CRIMP_AND_PROTECTION_OPEN
W2-REGIN,V2-PP-RED:load,ContactP after mated service pair,V2-REG5-001 and V2-REG3-001,VIN labeled pads,Switched battery load,Retained soldered/crimped carrier wiring;no direct battery GPIO,Branch protection and current-limit coordination UNKNOWN,S-REG5;S-REG3,REGULATOR_FAULT_REVIEW_OPEN
W2-REGRETURN,V2-PP-BLACK:load,ContactN after mated service pair,V2-REG5-001 and V2-REG3-001,GND labeled pads,Local common logic return,Regulators are not a claimed isolation barrier;retain dedicated returns,Wire/termination/ripple qualification UNKNOWN,S-REG5;S-REG3,REGULATOR_INTEGRATION_OPEN
W2-ESP5,V2-REG5-001,VOUT and GND,ESP32-DevKitC-32E,J2.19 5V and J2.14 GND,Regulated5V power ONLY,Only one ESP power method;service USB VBUS disconnected;header carrier/key still open,5V+/-4% vendor nominal;ESP input/ripple/fault tolerance unqualified,S-REG5;INHERITED:SRC-ESP,NOT_GPIO_5V
W2-RAK3,V2-REG3-001,VOUT and GND,RAK3272S,J5.9 3V3 and J5.7 GND,Regulated3.3V power ONLY,J4.9 remains unused because VerB=PA8;independent supply not DevKit spare,120mA burst baseline assumption;OVP threshold UNKNOWN,S-REG3;INHERITED:SRC-RAK,FAULT_AND_BURST_OPEN
W2-UARTTX,ESP32-DevKitC-32E,J3.11 GPIO17 TX,RAK3272S,J4.8 UART2_RX,3.3V local logic,CrossTX-toRX;no unpowered-device drive;retained header/power-off isolation open,Signal conditioning part UNKNOWN,INHERITED:SRC-ESP;INHERITED:SRC-RAK,BACKPOWER_GATE_OPEN
W2-UARTRX,RAK3272S,J4.7 UART2_TX,ESP32-DevKitC-32E,J3.12 GPIO16 RX,3.3V local logic,CrossTX-toRX;no12V/5V logic or raw battery divider,Signal conditioning part UNKNOWN,INHERITED:SRC-ESP;INHERITED:SRC-RAK,BACKPOWER_GATE_OPEN
W2-BTV,V2-BAT-001,Matched M8 BTV male/female leads,V2-BMS-001,Matched Smart battery M8 inputs,Manufacturer battery-monitor interface,Use matched manufacturer cables;no hand-assigned genericM8 pinout,No NG-only BMS substitution,S-BMS;INHERITED:SRC-BATTERY,FAMILY_SUPPORTED_PHYSICAL_TEST_OPEN
W2-LOADCTRL,V2-BMS-001,Load disconnect output,V2-LOADSW-001,RemoteH per smallBMS diagram,Battery-level control NOT GPIO,ConfigureModeC;remove bypass jumper per manufacturer diagram;no independent pull-high bypass,Output1A source limit NOT short-circuit protected;H input current unresolved,S-BMS;S-BP,ACTUAL_MODE_C_AND_FAULT_TEST_OPEN
W2-CHGCTRL,V2-BMS-001,Charge disconnect output,V2-CHGCTRL-001,Manufacturer control lead,Battery-level control NOT GPIO,High enables;floating or low disables;do not drive relay coil from this output,10mA BMS output limit;actual cable input consumption UNKNOWN,S-BMS;S-CHGCABLE,ACTUAL_FAULT_TEST_OPEN
W2-CHGRX,V2-CHGCTRL-001,Factory VE.Direct connector,V2-MPPT-001,VE.Direct RX configured Remote on/off,Manufacturer remote control interface,75/10 requires RX port setting;VE.Direct reserved exclusively for this cable,No custom VE.Direct pin-level wiring;no simultaneous telemetry,S-CHGCABLE,ACTUAL_RX_SETTING_OPEN
W2-PVSERIES,V2-PV-001:A,Positive junction-box terminal,V2-PV-001:B,Negative terminal via V2-TERM2,SERIES midpoint not battery bus,221-412 sheltered retained junction inside rated enclosure still unselected;source panels have no assumed MC4 cable,2.5mm2 is a calculation/fit proposal not selected UV/wet/insulation cable,INHERITED:SRC-PANEL;S-WAGO2,JUNCTION_AND_INSULATION_OPEN
W2-PVPLUS,V2-PV-001:B,Positive junction-box terminal,V2-MPPT-001,PV+ via PV service-isolation/protection UNKNOWN,2S PV50.40025V cold catalog before tolerance,Separate uniquely keyed higher-voltage route;NEVER through35V BatteryProtect or unverified32VATO fuse,2.19A Vmp-current operating point;3A designIsc scenario not fuse rating,INHERITED:SRC-PANEL;INHERITED:SRC-MPPT,PV_PROTECTION_OPEN
W2-PVMINUS,V2-PV-001:A,Negative junction-box terminal,V2-MPPT-001,PV- via reviewed service-isolation poles,2S PV return,No PV return-to-frame or battery-negative bond assumed;follow MPPT topology,Actual insulation/length/voltage drop UNKNOWN,INHERITED:SRC-PANEL;INHERITED:SRC-MPPT,PV_PROTECTION_OPEN
W2-PIBENCH,V2-PIBENCH-001,Factory captiveUSB-C plug,Raspberry Pi4 SC0194,USB-C power input,External drybench AC-fed5.1V,Factory cable only;DC source completely absent/disconnected;no two-source backfeed,OfficialSC0444 nominal3A;no separate bench authorization,S-PIBENCH,NOT_FIELD_DC_POWER
W2-ENPG,V2-REG5-001 and V2-REG3-001,EN and PG,NO_EXTERNAL_GPIO_CONNECTION,Leave per manufacturer default pending review,EN may be pulled towardVIN;PG open drain,Do not wire EN directly to ESP;PG if used later needs approved3.3V pullup and explicit pin contract,PG90/120% thresholds are NOT OVP cutoffs,S-REG5;S-REG3,UNASSIGNED_NO_GPIO_ACTUATION
