connector_id,assembly,component_or_function,manufacturer_part,pin_identity,mating_orientation,locking_or_retention,voltage_rating_verified,current_rating_verified,design_requirement,status,source_ids
C-HUB-IN,HUB,Protected above-water DC inlet,UNRESOLVED,"1=BUS+;2=BUS_RETURN;shield/shell=separate frame plan","Pin numbers are logical allocations only; chosen mating-face and cable-view drawing required",Keyed locking DC connector and strain relief required,UNRESOLVED,UNRESOLVED,"12V nominal; static11.2..14.4V scenario plus unresolved transients and fault current",NOT_BUILDABLE,
C-HUB-DC,HUB,SD-50A-5 screw terminal strip,SD-50A-5,"1=INPUT+;2=INPUT-;3=FG;4=OUTPUT-;5=OUTPUT+","Use manufacturer terminal-number drawing page2; never infer from a cable-side view",Screw terminals; torque/ferrule/pull-test data unresolved,"Input9.2..18V; output4.5..5.5V verified as converter ratings",Terminal-specific current rating UNRESOLVED,"Guard exposed terminals; FG to reviewed frame bond; no automatic input/output negative bond",REFERENCE_PINOUT,SRC-SD50
C-HUB-USBC,HUB,Protected5.1V3A Pi power cable,UNRESOLVED,"USB-C standard VBUS/GND/CC source assembly; no loose-pin wiring authorization","Both plug orientations must pass CC/source-current and powered attach tests",USB-C has no positive lock; independent cable clamp and service slack required,UNRESOLVED,UNRESOLVED,"5.1V3A minimum with proper source role/CC advertisement; NOT bare buck wires or PD sink trigger",NOT_BUILDABLE,SRC-PI4;SRC-PI-PSU
C-HUB-USBDAQ,HUB,Above-water Pi USB to DAQ/storage,UNRESOLVED,"Standard USB by selected device; no pin-level custom cable allocation","Factory keyed connector; inspect exact device variant",Retained dry internal cable; receptacle load isolated,UNRESOLVED,UNRESOLVED,"Aggregate provisional USB allocation1.2A shared across all ports; verify actual limit",PART_SELECTION_OPEN,SRC-PI4
C-WET-HYD,WET,Analog receive hydrophone feedthrough,UNRESOLVED,"No physical pins allocated; RX+ RX- shield and bias depend on selected sensor","Pressure feedthrough and mating half orientation unresolved",Vendor pressure-rated penetrator or locking wet connector with strain relief required,UNRESOLVED,UNRESOLVED,"No bias supply until hydrophone input/bias rating known; never connect to GPIO",NOT_BUILDABLE,
C-WET-CAM,WET,Camera power/data pressure boundary,UNRESOLVED,"No physical pins allocated; Ethernet/isolated transport candidate","Connector shell key and mating-face diagram unresolved",Rated purchased pressure feedthrough; no printed seal boundary,UNRESOLVED,UNRESOLVED,"Power9..16V is calculation assumption only; no underwater USB length approval",NOT_BUILDABLE,
C-REEF-PWR,REEF,Conditioned5V supply to ESP header,ESP32-DevKitC-32E,"J2.19=5V;J2.14=GND","Read PCB J2 pin labels against vendor table; do not count from opposite-side drawing",Development header is unkeyed/nonlocking; retained keyed adapter unresolved,"5V supply input; not GPIO tolerance",Header/contact capacity UNRESOLVED,"One supply method only; service Micro-USB VBUS disconnected when header powered",REFERENCE_PINOUT,SRC-ESP
C-REEF-UART-ESP,REEF,ESP UART2 candidate logical mapping,ESP32-DevKitC-32E,"J3.11=GPIO17 TX;J3.12=GPIO16 RX;J3.7=GND","PCB header labels J3 per vendor table; cable-side view mirrors mating face",Keyed retained carrier harness unresolved,"3.3V logic only; no5V/12V",Signal current/termination UNRESOLVED,"Above-water short local harness; no WROVER substitution; power-off backfeed isolation gate",REFERENCE_PINOUT,SRC-ESP
C-REEF-UART-RAK,REEF,RAK UART2 and stable supply header,RAK3272S,"J4.8=UART2_RX PA3;J4.7=UART2_TX PA2;J5.9=3V3;J5.7=GND","Confirm board revision/silkscreen and vendor top-view pinout; cable view mirrored",Unkeyed development header; retained keyed carrier unresolved,"VCC2.0..3.6V;3.3V nominal",Header rating UNRESOLVED,"Dedicated3.3V120mA assumed burst supply; J4.9 must remain unconnected because VerB=PA8",REFERENCE_PINOUT,SRC-RAK
C-REEF-I2C,REEF,Local3.3V conditioned-sensor interface,ESP32-DevKitC-32E,"J3.6=GPIO21 SDA;J3.3=GPIO22 SCL;J3.1=GND;no battery ADC pin","Board-side pin identity verified; external adapter pinout not assigned",Local retained keyed connector required,"3.3V logic only",UNRESOLVED,"Pullups to3.3V only after power/bus-capacitance review; no wet probe cable directly on I2C",REFERENCE_PINOUT,SRC-ESP
C-REEF-BAT,REEF,Smart battery terminals,BAT512050610,"M8 positive=+ marking;M8 negative=- marking;BMS cable separate","Use actual battery polarity symbols; never infer polarity from mirrored CAD",Bolted covered lugs; exact torque/lug/cable size unresolved,"Nominal12.8V; charge14.0..14.4V",50A recommended discharge is battery value NOT lug/fuse rating,"Fuse positive near terminal; boots/tool clearance; BMS load and charge disconnect mandatory",INTEGRATION_OPEN,SRC-BATTERY
C-REEF-BMS,REEF,Smart battery BTV to external BMS,UNRESOLVED,"Vendor keyed3-pole M8 battery cable; no custom pin assignment","Use manufacturer matched BMS/cables; do not splice by color",Vendor threaded M8 connector; exact BMS compatibility unresolved,UNRESOLVED,UNRESOLVED,"Not generic sensor M8; no ESP GPIO connection",NOT_BUILDABLE,SRC-BATTERY
C-REEF-MPPT,REEF,SmartSolar75/10 terminals,SCC075010060R,"PV+ PV- BAT+ BAT- LOAD+ LOAD- by product markings; numbered order not yet verified","Check actual unit and installation manual; do not infer terminal sequence",Screw terminals;6mm2/AWG10 acceptance per datasheet; torque unresolved,"PV Voc75V max and12/24V battery verified",10A charge and15A load product ratings,"External BMS charge/load disconnect compatible path unresolved; no automatic negative/frame bond",INTEGRATION_OPEN,SRC-MPPT
C-REEF-PV,REEF,40W panel junction box,SPM040401200,"Polarity by junction-box markings; physical terminal numbers unresolved","Actual selected revision and gland orientation required",Factory no cable for small panel; rated cable gland/strain relief unresolved,"STC Voc22.45V is not insulation rating",STC Isc2.40A is not connector rating,"Do not assume supplied MC4 lead; PV disconnect and BMS/MPPT procedure required",INTEGRATION_OPEN,SRC-PANEL
C-REEF-RF,REEF,Above-water EU868 antenna,UNRESOLVED,"Center=RF;body=RF return on selected connector; no order variant frozen","SMA versus IPEX must follow supplied board variant",RF retention and antenna strain relief unresolved,UNRESOLVED,UNRESOLVED,"No wet antenna or transmit power approval; lightning/grounding and gain review open",PART_SELECTION_OPEN,SRC-RAK
C-OUTPUT-POWER,PROJECTOR,Optional dual-NO-disconnected output power,UNRESOLVED,"No physical pin allocation; both power conductors isolated if floating system requires; no GPIO path","Keyed unique connector; cannot mate passive sensor/power connectors",Absent by default; lockable service disconnect and capped unwired port,UNRESOLVED,UNRESOLVED,"Amp/projector absent/disconnected; K1/K2 independent of software; voltage/current/energy unresolved",OMITTED,
C-OUTPUT-STOP,PROJECTOR,Optional physical safety loop,UNRESOLVED,"Concept channels STOP_A_NC and STOP_B_NC; monitored local REARM_NO; physical key; watchdog healthy contact; EDM feedback","Safety controller-specific terminal numbering remains unassigned",Locking tamper-resistant keyed low-voltage connector required,UNRESOLVED,UNRESOLVED,"Broken wire or loss of power drops NO disconnects; no automatic restart; not on ESP/Pi GPIO",OMITTED,
