harness_id,assembly,from_connector,from_pin,to_connector,to_pin,net,quantity,one_way_length_m,conductor_size_mm2,shield_return_rule,installed_default,build_status,notes
H-HUB-01,HUB,C-HUB-IN,1,C-HUB-DC,1,BUS_PLUS_FUSED,1,UNRESOLVED,UNRESOLVED,Dedicated insulated return; shield never carries load current,false,PROTECTION_PATH_OPEN,Route through service disconnect/reverse-polarity/transient protection and branch fuse; near-source fuse coordination required
H-HUB-02,HUB,C-HUB-IN,2,C-HUB-DC,2,BUS_RETURN,1,UNRESOLVED,UNRESOLVED,Do not bond to output negative by habit,false,GROUNDING_OPEN,Protected DC input range and battery/load disconnect are required before energization
H-HUB-03,HUB,C-HUB-DC,3,FRAME-BOND,Reviewed bonding stud,FRAME_FG,1,UNRESOLVED,UNRESOLVED,Chassis/FG independent of signal return,false,BOND_PLAN_OPEN,SD-50 FG terminal verified; frame/battery/shore earth topology and corrosion review missing
H-HUB-04,HUB,C-HUB-DC,5,C-HUB-USBC,Protected source input,PI_5V1_PLUS,1,UNRESOLVED,UNRESOLVED,Output isolated island until reviewed data/bond connections,false,USBC_SOURCE_OVP_OPEN,Requires COTS current limit/OVP/source CC assembly; no loose buck-to-USB-C wiring
H-HUB-05,HUB,C-HUB-DC,4,C-HUB-USBC,Protected source return,PI_5V1_RETURN,1,UNRESOLVED,UNRESOLVED,Data shields may bypass isolation; audit complete system,false,USBC_SOURCE_OVP_OPEN,Official PSU bench path mutually exclusive; prevent USB backfeed
H-HUB-06,HUB,C-HUB-USBDAQ,Factory USB,C-HUB-USBDAQ,Selected DAQ/storage,USB_RECEIVE_DATA,1,UNRESOLVED,Factory cable rating unresolved,Above-water only,false,PART_SELECTION_OPEN,USB budget shared; no assumed underwater extension
H-WET-01,WET,C-WET-HYD,Unassigned sensor pins,HUB-DAQ-001,Unassigned receive input,ANALOG_RECEIVE,1,UNRESOLVED,UNRESOLVED,Shield termination selected after sensor/DAQ noise and galvanic review,false,PART_SELECTION_OPEN,No phantom/bias voltage until vendor hydrophone specification; physically separate from switching/radio/output cables
H-WET-02,WET,C-HUB-IN,Protected camera branch,C-WET-CAM,Unassigned power pins,CAMERA_POWER_PAIR,1,25.0,0.75,Twisted dedicated plus/return; no seawater/chassis load return,false,CALCULATION_EXAMPLE_ONLY,Length and copper area are scenario NOT cable specification; no actual camera voltage rating selected
H-WET-03,WET,C-WET-CAM,Unassigned transport,HUB-CPU-001,Selected Ethernet/isolated interface,CAMERA_DATA,1,UNRESOLVED,UNRESOLVED,Signal isolation and shield termination unresolved,false,PART_SELECTION_OPEN,Ethernet or isolated transport candidate; no underwater USB length assumption
H-REEF-01,REEF,C-REEF-BAT,+ terminal,C-REEF-BMS,Rated fused input,REEF_BATTERY_PLUS,1,UNRESOLVED,UNRESOLVED,Positive fuse near battery; covered lugs,false,BMS_FUSING_OPEN,Main disconnect and BMS load/charge separation mandatory
H-REEF-02,REEF,C-REEF-BAT,- terminal,C-REEF-BMS,Vendor specified return,REEF_BATTERY_RETURN,1,UNRESOLVED,UNRESOLVED,No assumed negative-to-frame bond,false,BMS_GROUNDING_OPEN,Shunt/negative switching topology must follow selected BMS and MPPT manual
H-REEF-03,REEF,C-REEF-BMS,Load disconnect output,REEF-DC-001,Protected regulator input,REEF_DC_INPUT,1,UNRESOLVED,UNRESOLVED,Conditioned isolated/single-local-island plan unresolved,false,REGULATOR_SELECTION_OPEN,11.2..14.4V static scenario plus transients; no direct bus to ESP/RAK
H-REEF-04,REEF,REEF-DC-001,Regulated5V+,C-REEF-PWR,J2.19,ESP_5V,1,UNRESOLVED,UNRESOLVED,Local return to same supply island,false,REGULATOR_SELECTION_OPEN,ESP header5V is power input only; service USB VBUS must be absent
H-REEF-05,REEF,REEF-DC-001,5V return,C-REEF-PWR,J2.14,ESP_GND,1,UNRESOLVED,UNRESOLVED,Local reference only; never an external wet return,false,REGULATOR_SELECTION_OPEN,Do not connect3V3 supply and5V supply methods simultaneously
H-REEF-06,REEF,REEF-DC-001,Independent regulated3V3+,C-REEF-UART-RAK,J5.9,RAK_3V3,1,UNRESOLVED,UNRESOLVED,Local3V3 supply ground shared with UART island,false,REGULATOR_SELECTION_OPEN,Not DevKit3V3; never RAK J4.9 across revisions; decoupling/burst capacity unmeasured
H-REEF-07,REEF,REEF-DC-001,Independent3V3 return,C-REEF-UART-RAK,J5.7,RAK_GND,1,UNRESOLVED,UNRESOLVED,Shared local ESP/RAK reference after reviewed power topology,false,REGULATOR_SELECTION_OPEN,Ground before signals in assembly/service; no live insertion assumption
H-REEF-08,REEF,C-REEF-UART-ESP,J3.11 GPIO17 TX,C-REEF-UART-RAK,J4.8 UART2_RX,UART_TO_RADIO,1,UNRESOLVED,UNRESOLVED,Short3.3V local signal with nearby reference ground,false,PINOUT_VERIFIED_HARNESS_OPEN,Power-off isolation/series conditioning and keyed retention not selected; do not drive unpowered RAK
H-REEF-09,REEF,C-REEF-UART-RAK,J4.7 UART2_TX,C-REEF-UART-ESP,J3.12 GPIO16 RX,UART_FROM_RADIO,1,UNRESOLVED,UNRESOLVED,Short3.3V local signal with nearby reference ground,false,PINOUT_VERIFIED_HARNESS_OPEN,Power-off isolation/series conditioning unresolved; do not drive unpowered ESP
H-REEF-10,REEF,C-REEF-I2C,J3.6 GPIO21,REEF-PROBE-001,Conditioned local SDA,I2C_SDA,1,UNRESOLVED,UNRESOLVED,Pullups only to same3.3V island,false,CONDITIONER_SELECTION_OPEN,No raw battery divider or long wet cable directly on GPIO
H-REEF-11,REEF,C-REEF-I2C,J3.3 GPIO22,REEF-PROBE-001,Conditioned local SCL,I2C_SCL,1,UNRESOLVED,UNRESOLVED,Pullups only to same3.3V island,false,CONDITIONER_SELECTION_OPEN,Conditioner/isolator supply and bus rise time must be checked
H-REEF-12,REEF,C-REEF-PV,Junction box+,C-REEF-MPPT,PV+,PV_PLUS,1,UNRESOLVED,UNRESOLVED,PV disconnect/branch protection need array fault review,false,PV_BMS_INTEGRATION_OPEN,No factory MC4 cable assumed; cold Voc and hot startup calculated only
H-REEF-13,REEF,C-REEF-PV,Junction box-,C-REEF-MPPT,PV-,PV_RETURN,1,UNRESOLVED,UNRESOLVED,Follow controller/BMS grounding topology,false,PV_BMS_INTEGRATION_OPEN,No connector disconnect under load unless selected connector rated for it
H-REEF-14,REEF,C-REEF-MPPT,BAT+/BAT-,C-REEF-BMS,Compatible charge disconnect path,CHARGE_PAIR,1,UNRESOLVED,UNRESOLVED,No direct uncontrolled charging bypass,false,BMS_CHARGE_DISABLE_OPEN,Must inhibit charge on battery cell/temperature alarm; MPPT alone is not BMS
H-OUTPUT-01,PROJECTOR,C-HUB-IN,Separate fused optional branch,C-OUTPUT-POWER,Unassigned power pair,OPTIONAL_OUTPUT_POWER,0,UNRESOLVED,UNRESOLVED,K1 and K2 independent NO power disconnects; no backfeed,false,OMITTED,No amplifier or projector populated; manual physical rearm plus independent watchdog/NC stop mandatory if later developed
H-OUTPUT-02,PROJECTOR,C-OUTPUT-STOP,NC channels and manual rearm,Independent safety controller,Unassigned controller terminals,PHYSICAL_STOP_REARM,0,UNRESOLVED,UNRESOLVED,Independent of Pi/ESP GPIO and software,false,OMITTED,Safety controller/contacts/watchdog/feedback and all fault tests unresolved
