id,group,part,key_spec,supplier,region,url,listed_price,listed_currency,delivered_eur_incl_vat,moq,lead_time_days,evidence,date_checked,stage1_qty,stage1_role,risk_notes
SND-01,sound,Hydrophone Aquarian H2dM 9 m (3.5 mm PIP),-172 dB re 1V/uPa nominal +/-4 dB 20 Hz-4 kHz; usable <10 Hz->100 kHz but ~-220 dB at 100 kHz; PIP min 2 V 0.7 mA; 9 m cable; no calibration sheet,Veldshop.nl (Aquarian reseller),EU,https://www.veldshop.nl/en/h2d-hydrophone.html,209.92,EUR ex VAT,277,1,5,listed,2026-09-28,3,"hydrophone: rig A, rig B, one spare",Delivered = ex-VAT price x1.25 HR VAT + EUR 15 shipping (shipping estimated; shop says only 'low shipping costs'). 3 m and 15 m prices not shown. Response above 4 kHz falls off; 30 kHz level not published. PIP results depend on recorder bias.
SND-02,sound,Hydrophone Aquarian H2d-XLR 9 m (phantom),-165 dB re 1V/uPa nominal +/-4 dB 20 Hz-4 kHz; phantom up to 48 V 1.2 mA; no calibration sheet,Veldshop.nl (Aquarian reseller),EU,https://www.veldshop.nl/en/h2d-xlr-hydrophone.html,214.05,EUR ex VAT,283,1,5,listed,2026-09-28,0,,"For recorders with XLR phantom (UMC202HD, UMC22). Shipping estimated at EUR 15. Same high-frequency roll-off as H2dM."
SND-03,sound,Hydrophone Aquarian H2dM direct from US,As SND-01; cable 3/6/9/15 m or custom,Aquarian Audio,US,https://www.aquarianaudio.com/h2d-hydrophone.html,229.00,USD,328,1,14,estimate,2026-09-28,0,,"Listed USD 229 (10+ = USD 183.20). Delivered adds est. USD 50 shipping, 2.5% duty (EU rate for CN 8518 10 not verified; EU-US tariff changes not checked), 25% import VAT, EUR 15 courier clearance. Dearer than the EU reseller."
SND-04,sound,Hydrophone Aquarian A5 (3.5 mm PIP),"-173 dB re 1V/uPa (-193 sensor +20 dB conditioning); linear +/-4 dB 20 Hz-10 kHz, filtered above; PIP 2.4 V 400 uA min; 100 m rated; response plot, no per-unit calibration",Aquarian Audio,US,https://www.aquarianaudio.com/a5-hydrophone.html,205.00,USD,302,1,14,estimate,2026-09-28,0,,"Base code A5iM9 appears to include 9 m cable (not confirmed). Delivered estimate as SND-03. Reviewer reports ~40 dB down at 100 kHz; level at 30 kHz unknown, so may miss the 30 kHz target. Weight USD 27 and PIP-XLR adapter USD 37.50 extra."
SND-05,sound,Hydrophone Aquarian A5 via EU reseller,As SND-04; cables 3-100 m,Aditech (Spain),EU,https://www.aditech-uw.com/en/shop/7216-aquarian-hydrophone-a5.html,314.05,EUR ex VAT,418,1,14,listed,2026-09-28,0,,"Delivered = ex VAT x1.25 + EUR 25 minimum shipping. 'On request only, no refunds', ships in 1-2 weeks."
SND-06,sound,Hydrophone Aquarian S1i 10 m (PIP),"Aquarian's widest linear broadband model; S1 ~-180 dB re 1V/uPa (maker coupler example), S1i 7 dB lower (~-187); PIP 2.4 V 400 uA min; response from US Navy USRD calibration of 3 S1n units, not per unit",Aquarian Audio,US,https://www.aquarianaudio.com/s1-hydrophone.html,424.00,USD,548,1,55,estimate,2026-09-28,0,,"USD 379 + USD 45 PIP option. Exact sensitivity only in a spec image (not read). Delivered adds est. USD 50 shipping, 2.5% duty, 25% VAT, EUR 15 clearance. Lead time 6-7 weeks. S1i is noisier than S1e on PIP."
SND-07,sound,Hydrophone Aquarian S1e 10 m (phantom),"As SND-06, ~-180 dB re 1V/uPa; 24 or 48 V phantom",Aquarian Audio,US,https://www.aquarianaudio.com/s1-hydrophone.html,439.75,USD,565,1,55,estimate,2026-09-28,0,,"USD 379 + USD 60.75 phantom option. Needs a phantom-powered input (UMC202HD etc.), which raises recorder power draw. Same delivered method as SND-06."
SND-08,sound,Hydrophone Ambient ASF-2 MKII,Linear 70 Hz-20 kHz; 48 V phantom 5 mA; 10 m cast cable; sensitivity not published,Ambient Recording (Germany),EU,https://ambient.de/en/products/asf-2-mkii-klein-hydrophon-mit-48v-phantomspeisung,460.00,EUR ex VAT,595,1,5,listed,2026-09-28,0,,This is the EUR 460 unit priced in ask.md (P2). Misses the 30 kHz target and publishes no sensitivity. B2B shop; shipping estimated at EUR 20.
SND-09,sound,Hydrophone Ambient ASF-1 MKII,"-192 dB re 1V/uPa; 7 Hz-90/100 kHz +/-2 dB; 48 V phantom 8 mA; 10 m cable; tested by Bundeswehr WTD 71 (2021), no per-unit sheet stated",Ambient Recording (Germany),EU,https://ambient.de/en/collections/hydrophones,1490.00,EUR ex VAT,1883,1,5,listed,2026-09-28,0,,"Low sensitivity for a -165 to -180 target; heavy, stiff cable; reviewer found noise worse than expected for the price. Shipping estimated at EUR 20."
SND-10,sound,Hydrophone Cetacean Research C57 + cable + battery box,-165 dB re 1V/uPa effective (-185 + 20 dB preamp); 16 Hz-44 kHz +/-3 dB; self-noise 46 dB re 1uPa/rtHz at 1 kHz; 5-32 VDC (9 V box); 15/30/50 m cable,"NAUTA scientific (Italy, CRT EU distributor)",EU,https://www.nauta-rcs.it/EN/Hydrophones/Cetacean_Research_Tech/C57/C57.html,,EUR,1400,1,60,estimate,2026-09-28,0,,"No published price anywhere; EUR 1,400 is a guess for hydrophone, cable and battery box and must be replaced by a quote. Not individually calibrated; calibrated response measured on request for a fee. Up to 8 weeks if not stocked. Best spec match of all candidates."
SND-11,sound,Hydrophone Cetacean Research C75 + cable + battery box,-180 dB re 1V/uPa (C75) or -167 (C75X); 10 Hz-170 kHz; self-noise 51 dB; 5-32 VDC,NAUTA scientific (Italy),EU,https://cetaceanresearch.com/hydrophones/index.html,,EUR,1900,1,60,estimate,2026-09-28,0,,"No published price; EUR 1,900 is a guess. Quote needed. Calibration on request."
SND-12,sound,Hydrophone HTI-96-MIN with preamp,-165 dB re 1V/uPa max with preamp (-201 bare); 2 Hz-30 kHz; self-noise 78 dB 1-1000 Hz; 3-wire powered preamp; custom cable,High Tech Inc (USA),US,https://www.hightechincusa.com/products/hydrophones/hti96min.html,800,USD,1020,1,45,estimate,2026-09-28,0,,No published price; USD 800 comes from a third-party comparison page. Standard model may be export-controlled (an 'exportable' variant exists). Calibration sheet not stated on the page. Not PIP compatible; needs its own supply.
SND-13,sound,"Hydrophone SeisTech YS-3000 (HTI-96 equivalent), passive",-201 dB re 1V/uPa (8.9 V/bar); 2 Hz-30 kHz +/-1.5 dB; 11 nF; 1 m cable standard; no preamp,SEIS TECH INC (Xi'an) on Made-in-China,CN,https://seistech.en.made-in-china.com/product/pdbJBLGCYtkx/China-Hti-96-Equivalent-Min-Hydrophone-for-Ocean-Bottom-Cables-and-Nodal-Systems.html,1000.00,USD,1245,1,30,estimate,2026-09-28,0,,"Passive element; needs a high-impedance preamp. Specs are seller claims, no per-unit certificate. Delivered adds est. USD 90 freight, 2.5% duty, 25% VAT, EUR 20 clearance. Lead time not stated."
SND-14,sound,Hydrophone YH-25-11A seismic piezo,"11 V/bar (about -199 dB re 1V/uPa); 10 Hz natural frequency; 0.5 m cable, no connector; 0.3-100 m; passive",AliExpress seller (also on Alibaba/Amazon),CN,https://www.aliexpress.com/item/1005009313018172.html,1869.64,"HRK (AliExpress display, ~EUR 248)",333,1,20,estimate,2026-09-28,0,,"AliExpress still shows HRK; converted at 7.5345. Upper frequency limit not published; seismic parts usually target low kHz, so 30 kHz is doubtful. Passive, needs preamp. Over EUR 150, so import VAT, duty and clearance are estimated on top."
SND-15,sound,PZT-4 piezo ceramic tube elements for DIY hydrophone,"Generic PZT tube, custom sizes, silver electrodes; sensitivity depends on build (DIY disc/tube builds land around -190 to -210 dB bare)",Alibaba seller (generic listing),CN,https://www.alibaba.com/product-detail/PZT-Element-Ultrasonic-Piezo-Ceramic-Tube_60690652448.html,10.00,USD per piece,91,5,30,estimate,2026-09-28,0,,"Delivered figure is for 5 pieces: USD 50 + est. USD 25 shipping, EUR 3 duty, 25% VAT, EUR 5 clearance. Other makers (Zibo Yuhai, Yujie P-33 tube) want MOQ 10-200 and quotes. Needs preamp, end caps, polyurethane potting and a calibration step; no spec guarantee."
SND-16,sound,DIY hydrophone kit JLI Gladys (piezo cylinder + P48 buffer),Piezo cylinder + Hi-Z buffer PCB + 3D-printed mould; 48 V phantom; response 'into ultrasonic'; sensitivity not published,JLI Electronics (USA),US,https://www.jlielectronics.com/diy-microphone-kits/gladys-hydrophone-kit/,65.00,USD,102,1,14,estimate,2026-09-28,0,,"Potting material not included (add ~EUR 30-50). Delivered adds est. USD 20 shipping, EUR 3 duty, 25% VAT, EUR 5 clearance. Unknown sensitivity until measured; build quality decides leak and noise."
SND-17,sound,Hydrophone JrF D-series (handmade piezo),Passive piezo in coated capsule; 5 m cable std (+GBP 3.50/m); 1/4 in jack; no sensitivity or response data,JrF / Jez riley French (UK),UK,https://jezrileyfrench.co.uk/jrf-audio-supplies.php,65,"GBP (rest of world, older listing)",118,1,21,estimate,2026-09-28,0,,"Price from an older JrF blog post; current price not verified. Resonant contact-type design, not a measurement hydrophone. UK is outside the EU: EUR 3 duty + VAT + clearance estimated."
SND-18,sound,Hydrophone kit Natako Classic 2.5 (AquaHear 2.5 + RigidEnhancer preamp),~-212 dB re 1V/uPa at 1-46 kHz; preamp gain 5-45 dB; 5 m RG174 + BNC; 2x A23 batteries,Natako Audio,other,https://natakoaudio.com/product/classic-kit-2-5/,299.90,USD,384,1,21,estimate,2026-09-28,0,,"Stated band starts at 1 kHz, so it misses the 50 Hz target. Ship-from country not stated. Duty, VAT, shipping estimated."
SND-19,sound,Recorder HydroMoth 1.0.1 with underwater case,Built-in analog MEMS sensor as contact hydrophone; 8-384 kHz WAV 16-bit; 3x AA; case tested 30 m for 2 months; microSD exFAT (fw 1.2.2+); ~91 h at 96 kHz on alkaline in a card-limited test,GroupGets (USA),US,https://groupgets.com/products/hydromoth,144.99,USD,206,1,14,estimate,2026-09-28,0,,"Under EUR 150 goods value, so the EUR 3 duty applies plus 25% VAT; shipping USD 30 and EUR 10 clearance estimated. No calibration; per-unit offsets needed (Boettner et al. 2026 got +/-1-3 dB vs SoundTrap at 48 kHz). Directional; weak above 20 kHz (Lamont et al. 2022). 7 days at 96 kHz probably needs lithium AA or an external pack (not verified). ~0.1 W estimated."
SND-20,sound,Recorder HydroMoth via LABmaker (EU),As SND-19,LABmaker GmbH (Berlin),EU,https://www.labmaker.org/products/hydromoth-with-underwater-case,145.00,USD,169,1,5,estimate,2026-09-28,1,"backup recorder, 48 kHz, hung beside one rig",Out of stock on 2026-09-28. EU checkout currency and VAT not shown; delivered = USD 145 converted x1.25 + EUR 10 shipping.
SND-21,sound,"Recorder AudioMoth Dev (3.5 mm PIP jack, JST power in)",8-384 kHz 16-bit WAV; 3.5 mm electret/PIP input (Aquarian H2d confirmed by maker); external 3.3/3.7-6 V battery via JST-PH; RTC; microSD exFAT; ~0.06-0.1 W est.,LABmaker GmbH (Berlin),EU,https://www.labmaker.org/collections/audiomoth,89.99,USD,109,1,5,estimate,2026-09-28,3,"recorder: rig A, rig B, one spare","EU VAT handling at checkout not shown; delivered = USD 89.99 converted x1.25 + EUR 10 shipping. Power figure inferred from AudioMoth tests (161 h at 48 kHz and >91 h at 96 kHz on 3x AA alkaline, Kitzes lab), not measured on the Dev board. No case included. Forum users report PIP hydrophones noisier than 3-wire powered ones at low levels."
SND-22,sound,Recorder AudioMoth Dev from US,As SND-21,GroupGets (USA),US,https://groupgets.com/products/audiomoth-dev,89.99,USD,145,1,14,estimate,2026-09-28,0,,"EUR 3 duty (under EUR 150), 25% VAT, USD 30 shipping and EUR 10 clearance estimated. Buying 2+ in one parcel pushes it over EUR 150 and normal duty applies."
SND-23,sound,"Recorder AudioMoth v1.2.0 (jack footprint, hand-solder socket)",As AudioMoth; 3x AA; 3.5 mm jack only as unpopulated footprint,LABmaker GmbH (Berlin),EU,https://www.labmaker.org/products/audiomoth-v1-2-0,99.00,USD,124,1,5,estimate,2026-09-28,0,,Needs a soldered socket (GBP 3.99 from OAD UK); with the socket fitted it no longer fits the official IPX7 case. AudioMoth Dev is the cleaner route.
SND-24,sound,Recorder Tascam DR-05XP,WAV 44.1/48/96 kHz up to 32-bit float; 3.5 mm mic/line in with plug-in power; microSDXC up to 512 GB; 2x AA ~17 h or USB power; seamless new file at 2 GB (per DR-05X manual),Thomann (Croatia shop),EU,https://www.thomannmusic.com/en-hr/tascam_dr_05xp.htm,111,EUR incl VAT,111,1,4,listed,2026-09-28,0,,"Shipping assumed free (Thomann EU norm, not verified for HR). Power ~0.45 W estimated from a DR-05X review (13 h 56 min at 96 kHz/24-bit on alkaline AA): ~76 Wh per 7 days from a USB pack. Many power banks switch off at low current. Mono and 16-bit modes on DR-05XP not confirmed."
SND-25,sound,Recorder Zoom H1essential,"32-bit float only, 44.1/48/96 kHz, mono or stereo; 3.5 mm input with 2.5 V PIP; microSDXC to 1 TB; 2x AAA ~10 h or USB; seamless new file at 2 GB",Thomann (Croatia shop),EU,https://www.thomannmusic.com/en-hr/zoom_h1essential.htm,99,EUR incl VAT,99,1,4,listed,2026-09-28,0,,"32-bit float only: 96 kHz mono = ~232 GB per 7 days, so a 256 GB card is just enough; use 48 kHz or a 512 GB card. Power ~0.3 W estimated from AAA life. Shipping assumed free."
SND-26,sound,USB interface Behringer UMC202HD,24-bit/192 kHz; 2 XLR/TRS mic inputs with 48 V phantom; USB bus powered,Thomann (Croatia shop),EU,https://www.thomannmusic.com/en-hr/behringer_u_phoria_umc202hd.htm,63,EUR incl VAT,63,1,4,listed,2026-09-28,0,,"Needs a host (Pi Zero 2 W/Pi 4). Power draw with phantom not published; est. 0.5-1 W on top of the Pi, so a Pi Zero 2 W + UMC202HD is ~1.5-2 W, or 250-340 Wh per 7 days. Only O2 can carry that battery."
SND-27,sound,USB interface Behringer UMC22,16-bit/48 kHz max; 1 XLR mic input with 48 V phantom,Thomann (Croatia shop),EU,https://www.thomannmusic.com/en-hr/behringer_u_phoria_umc22.htm,38,EUR incl VAT,38,1,4,listed,2026-09-28,0,,"48 kHz only: meets the fallback, not the 96 kHz preference."
SND-28,sound,USB interface Behringer UCA202,16-bit/48 kHz; RCA line input only,Thomann,EU,https://www.behringer.com/,29,EUR incl VAT,29,1,4,estimate,2026-09-28,0,,"Price from memory, not checked (Thomann HR page 404). Line input only: needs a separate hydrophone preamp. Not recommended."
SND-29,sound,USB sound card Axagon ADA-17 (C-Media CM6533),Playback 24-bit/96 kHz; stereo 3.5 mm mic input; one retailer lists ADC at 24-bit/48 kHz,Dateks (Latvia),EU,https://www.dateks.lv/en/cenas/skanas-kartes/515682-axagon-ada-17-usb2-0-stereo-hq-audio-mini-adapter-24bit-96khz,20.11,EUR incl LV VAT,29,1,7,listed,2026-09-28,0,,'96 kHz' applies to playback; recording likely 48 kHz max. Mic bias level and noise floor not published. Typical of cheap '96 kHz' cards: the claim refers to the DAC.
SND-30,sound,SBC Raspberry Pi Zero 2 W,"Quad A53 1 GHz, 512 MB; ~0.5-0.6 W idle, est. 0.75-1.25 W recording via USB audio",Botland (Poland),EU,https://botland.store/rpi-zero-modules-and-kits/20347-raspberry-pi-zero-2-w-512mb-ram-wifi-bt-42-5056561800004.html,13.87,EUR ex VAT,24,1,190,listed,2026-09-28,0,,"Botland is on backorder to about 2027-04-09; other official resellers (buyzero.de, Kiwi) not checked for stock. Zero 2 W is exempt from the 2026 memory price rises. Needs RTC add-on (no RTC on board) and an SD card for the OS."
SND-31,sound,SBC Raspberry Pi 4 Model B 2 GB,~2.7-3.5 W under light load (est.); USB 3; no RTC,Raspberry Pi official resellers,EU,https://www.raspberrypi.com/news/more-memory-driven-price-rises/,65,USD list,75,1,7,estimate,2026-09-28,0,,List USD 65 after Feb 2026 memory price rise; EU street price estimated. ~450-600 Wh per 7 days: not practical for a battery rig.
SND-32,sound,I2S ADC HAT HiFiBerry DAC2 ADC Pro,"ADC and DAC to 192 kHz; software-set input gain, mic bias via jumper (DAC+ ADC Pro datasheet); 3.5 mm input",HiFiBerry shop,other,https://www.hifiberry.com/shop/boards/dac2adcpro/,69.90,EUR,97,1,14,estimate,2026-09-28,0,,Out of stock on 2026-09-28. VAT basis and ship-from country not shown (maker believed Swiss; customs possible). Delivered = x1.25 + EUR 10. Mic-bias voltage and input noise with a PIP hydrophone not checked.
SND-33,sound,MCU Teensy 4.1 + Audio Adaptor Rev D (SGTL5000),"600 MHz, ~100 mA at 600 MHz (lower when underclocked); built-in SD slot; RTC with coin cell; SGTL5000 mic in with bias; library default 44.1 kHz 16-bit",Kiwi Electronics (NL),EU,https://www.kiwi-electronics.com/en/teensy-4-1-10148,48.73,EUR incl VAT (37.49 + 11.24),57,1,5,listed,2026-09-28,0,,96 kHz needs custom clock code (not verified). Record to the Teensy's own SD slot; the shield's slot showed 92 ms write spikes in a forum test. Firmware effort is ours. ~0.3-0.5 W estimated.
SND-34,sound,microSD SanDisk High Endurance 256 GB,"U3/V30 microSDXC, made for continuous recording; 7 days at 96 kHz 16-bit mono = ~116 GB",EU shops via Geizhals.de,EU,https://geizhals.de/sandisk-high-endurance-r100-w60-microsdxc-256gb-kit-sdsqqnr-256g-gn6ia-a2041131.html,48.99,EUR incl DE VAT,56,1,5,listed,2026-09-28,4,card: two per recorder so the boat swaps cards,Geizhals.eu lowest was EUR 64.99; NAND prices rose in 2026. Delivered = re-based to 25% VAT + EUR 5 shipping. OAD recommends SanDisk Extreme U3 for AudioMoth; High Endurance draw in AudioMoth not tested.
SND-35,sound,"Sound level calibrator 94/114 dB at 1 kHz, generic (ND-9 type)",IEC 60942 class 2 claim; 1 in and 1/2 in cavities; used with a 3D-printed hydrophone coupler: 94 dB in air = 120 dB re 1 uPa,eBay.de listing,other,https://www.ebay.de/itm/181864354099,221.90,AUD (~EUR 124),130,1,20,estimate,2026-09-28,1,"sound calibrator, 1 kHz in-air chain check",Class claim unverified for generic units; check against a class 1 unit or a lab once. Gives one-frequency end-to-end sensitivity only; says nothing about response at 30 kHz.
SND-36,sound,"Sound level calibrator Cirrus CR:516 class 2 (94/114 dB, 1 kHz)","IEC 60942:2003 class 2, 1/2 in cavity",Cirrus Research (UK) / distributors,UK,https://noisemeters.com/product/cr/calibrator/cr516/,,GBP,450,1,14,estimate,2026-09-28,0,,"No price published; EUR 300-700 range is a guess. Comes with a traceable certificate, which the generic unit lacks."
SND-37,sound,Coupler Aquarian S1 Calibration Coupler (or free STL to print),Adapts S1 to 1 in calibrators; best at 250 Hz; ~0.5 dB loss at 1 kHz,Aquarian Audio,US,https://www.aquarianaudio.com/s1-calibration-coupler.html,99.00,USD,125,1,14,estimate,2026-09-28,0,,"Fits S1 only; for H2d or A5 we print our own coupler from the same idea (SLA/DLP resin, not FDM). Free STL offered."
SND-38,sound,Calibrated reference recorder SoundTrap ST600 STD (borrow or buy),"Factory pistonphone calibration at 250 Hz, end-to-end, data online; 60 kHz hydrophone; 256 GB",Ocean Instruments (NZ),other,https://www.oceaninstruments.co.nz/product/soundtrap-st600-std-long-term-recorder/,,USD,4800,1,30,estimate,2026-09-28,0,,"No price on the site; ask.md P9 gives USD 4,700-5,500 for this class. Borrowing one (e.g. from a Croatian marine institute) is cheaper but not arranged."
HSG-01,housing,"PVC-U pressure pipe d63 x 3.0 mm, per metre",PN10 (SDR21) rated 10 bar internal; ID 57 mm; grey,AquaPond (aquapond.hr),EU,https://www.aquapond.hr/bazeni-eshop/materijal-za-ugradnju/cijevi-cjevovodi/,5.6,EUR,8.60,1 m,3-5,listed,2026-09-28,2,pipe: rig A housing plus spare length,"External collapse not rated by maker; thin-wall estimate ~7 bar short term, so test every housing. Shipping for bulky pipe is quoted per order (share of ~EUR10 assumed)."
HSG-02,housing,"PVC-U pressure pipe d63, 3 m stick (Lareter)",PN10; wall not stated,Bazeni Radic (bazenskaoprema.hr),EU,https://www.bazenskaoprema.hr/product/pvc-cijevi-pn-10/,24.0,EUR,34.00,3 m stick,3-5,listed,2026-09-28,0,,VAT basis not stated on page; bulky shipping estimated EUR10; pickup possible in Kastela/Trogir. Wall/SDR not stated.
HSG-03,housing,"PVC-U pressure pipe d75 x 3.6 mm, per metre",max 10 bar (PN10); ID 67.8 mm; for camera housing,AquaPond (aquapond.hr),EU,https://www.aquapond.hr/pvc-u-cijev-75-mm-d-75-mm-debljina-stijenke-3-6-mm-metar-8650/,8.5,EUR,11.50,1 m,3-5,estimate,2026-09-28,1,"camera housing pipe, 75 mm",Page did not show the d75 price; EUR8.50/m interpolated between d63 (5.60) and d90 (11.78). External collapse unverified.
HSG-04,housing,PVC-U solvent-weld end cap d63 (Tipla),glue socket; grey PVC; PN not stated,AquaPond (aquapond.hr),EU,https://www.aquapond.hr/pvc-armatura-tipla-63-mm-dn-63-mm-d-75-mm-ljepljenje-8566/,2.1,EUR,2.60,1,3-5,listed,2026-09-28,4,"caps: rig A closed end and union blank, plus spares",Pressure rating not stated on page. Moulded end is slightly domed: spot-face flat before fitting a penetrator.
HSG-05,housing,PVC-U solvent-weld end cap d75,glue socket; PN not stated,Bazeni Radic (bazenskaoprema.hr),EU,https://www.bazenskaoprema.hr/product/pvc-cep/,5.7,EUR,6.20,1,3-5,listed,2026-09-28,2,camera housing caps,Pressure rating not stated; VAT basis not stated on page.
HSG-06,housing,"GF PVC-U union d63, glue x glue, EPDM O-ring (721510111)",PN16; O-ring groove in sealing face; openable end for battery swap,Alternative Haustechnik (DE),EU,https://www.alternative-haustechnik.de/Installation/Rohrsysteme/Georg-Fischer-PVC-U/Verschraubungen/,30.2,EUR,36.70,1,4-7,listed,2026-09-28,2,"union: rig A opening end, one spare",Listed incl. German 19% VAT; recalculated to HR 25% VAT plus a share of the EUR28.90 flat EU parcel fee. PN16 is an internal rating; face seal is pressed shut by external pressure.
HSG-07,housing,Plimat PVC union d63 (holender),union for d63 pipe; seal and PN not stated,Bazeni Radic (bazenskaoprema.hr),EU,https://www.bazenskaoprema.hr/product/pvc-holender/,9.9,EUR,10.90,1,3-5,listed,2026-09-28,0,,"Seal material, PN and glue/thread ends not stated; confirm with seller before use as a pressure housing end."
HSG-08,housing,Plimat PVC union d75 (holender),union for d75 pipe; used as camera window clamp,Bazeni Radic (bazenskaoprema.hr),EU,https://www.bazenskaoprema.hr/product/pvc-holender/,34.9,EUR,35.90,1,3-5,listed,2026-09-28,1,"camera housing union, window end",Seal material and PN not stated. Window use (acrylic disc in place of the tail piece) is untested.
HSG-09,housing,PVC-U threaded adapter d63 x 2in female,glue x 2in BSP female,Bazeni Radic (bazenskaoprema.hr),EU,https://www.bazenskaoprema.hr/product/pvc-prelazna-spojnica/,6.4,EUR,6.90,1,3-5,listed,2026-09-28,0,,Threaded clean-out route: threads do not seal; needs flat EPDM gasket under the plug shoulder. PN not stated.
HSG-10,housing,"PVC-U threaded plug 2in male, PN10 (Boni 02128)",2in BSP male; PN10,Boni-shop (boni-shop.hr),EU,https://www.boni-shop.hr/shop/boni-02128-pvc-cep-2-cola-s-vanjskim-navojem-pn10-4966,10.91,EUR,11.91,1,3-5,listed,2026-09-28,0,,"Free delivery over EUR99, else shipping extra (EUR1 share assumed). Needs a gasket or O-ring on a flat shoulder; moulded shoulder flatness unverified."
HSG-11,housing,Tangit PVC-U glue 125 g + Tangit cleaner,EN 14814 solvent cement for PVC-U pressure pipe,AquaPond (aquapond.hr),EU,https://www.aquapond.hr/tangit-pvc-ljepilo-u-tubi-od-125-g-8693/,18.0,EUR,18.50,1 set,3-5,estimate,2026-09-28,1,PVC glue and cleaner,"Price not shown in fetched page; estimate for glue plus cleaner. Use PVC-U pressure grade, not drain-pipe glue."
HSG-12,housing,"Blue Robotics 3in locking tube, aluminium 150 mm (BR-106278-150)",6061-T6 anodised; 1000 m,Blue Robotics (US),US,https://bluerobotics.com/store/watertight-enclosures/locking-series/wte-locking-tube-r1-vp/,242,USD,328.83,1,7-10,listed,2026-09-28,0,,"Delivered = USD x0.86 x1.58 (DHL Express ~USD60, 6% duty, 25% VAT, DHL clearance fee ~EUR15 on a ~USD385 order). FX 0.86 assumed. Anodised aluminium pits where scratched in sea water."
HSG-13,housing,"Blue Robotics 3in locking tube, aluminium 240 mm (BR-106278-240)",6061-T6 anodised; 1000 m,Blue Robotics (US),US,https://bluerobotics.com/store/watertight-enclosures/locking-series/wte-locking-tube-r1-vp/,264,USD,358.72,1,7-10,listed,2026-09-28,0,,Same landed-cost factor as HSG-12.
HSG-14,housing,"Blue Robotics 3in locking tube, cast acrylic 240 mm (BR-102649-240)",cast acrylic; 150 m,Blue Robotics (US),US,https://bluerobotics.com/store/watertight-enclosures/locking-series/wte-locking-tube-r1-vp/,180,USD,244.58,1,7-10,listed,2026-09-28,0,,BR states acrylic ratings apply to submersions under two weeks; fine for 7 days. Clear tube lets light in (fouling inside window area).
HSG-15,housing,Blue Robotics 3in O-ring flange (BR-100647),aluminium; double O-ring radial seal,Blue Robotics (US),US,https://bluerobotics.com/store/watertight-enclosures/locking-series/wte-flange-vp/,40,USD,54.35,1,7-10,listed,2026-09-28,0,,Two needed per tube.
HSG-16,housing,"Blue Robotics 3in end cap, aluminium 4x M10 (BR-100949-004)",1000 m,Blue Robotics (US),US,https://bluerobotics.com/store/watertight-enclosures/locking-series/wte-end-cap-vp/,16,USD,21.74,1,7-10,listed,2026-09-28,0,,Product page marked retired; check stock.
HSG-17,housing,"Blue Robotics 3in end cap, acrylic blank (BR-100949-998)",cast acrylic flat window; 400 m,Blue Robotics (US),US,https://bluerobotics.com/store/watertight-enclosures/locking-series/wte-end-cap-vp/,17,USD,23.10,1,7-10,listed,2026-09-28,0,,Flat camera window option; needs a BR flange and tube.
HSG-18,housing,"Blue Robotics WetLink penetrator M10, 4.5-8.5 mm cable",compression gland; 1000 m HC / 95 m LC with tested cable,Blue Robotics (US),US,https://bluerobotics.com/store/cables-connectors/penetrators/wlp-vp/,13,USD,17.66,1,7-10,listed,2026-09-28,0,,"Seal is single use. Needs a flat face for its O-ring; on a PVC cap spot-face first. If ordered alone, DHL shipping dominates."
HSG-19,housing,Blue Robotics M10 enclosure vent and plug (via Seascape Subsea NL),M10; purge/vent for closing housings,Seascape Subsea BV (NL),EU,https://www.seascapesubsea.com/product-categorie/enclosures-buoyancy-ballast/cylindrical-enclosures/blue-robotics-enclosures/,14.3,EUR,22.00,1,3-6,listed,2026-09-28,0,,Listed excl. VAT; +25% VAT and an estimated EUR4 shipping share. Also useful on PVC caps (tap M10).
HSG-20,housing,"ROVMAKER M10 cable penetrator (bolt, nut, O-rings)",aluminium or 316 stainless; 4-5 mm cable; potted,ROVMAKER (rovmaker.org),CN,https://rovmaker.org/product/cable-penetrator/,4.9,USD,9.33,1,10-20,listed,2026-09-28,4,"penetrators: rig A hydrophone, camera housing 12 V cable, spares","No depth rating stated. Delivered per unit assumes 4 units, ~EUR10 shipping, EUR3 duty, 25% VAT. Aluminium version corrodes; order 316."
HSG-21,housing,ROVMAKER acrylic end cap 90 mm OD,laser-cut PMMA; 0-5 holes,ROVMAKER (rovmaker.org),CN,https://rovmaker.org/product/acrylic-end-cap/,8.0,USD,13.00,1,10-20,estimate,2026-09-28,0,,"Listed range USD3.88-11.99; no depth rating; no matching flange found on the site, so the clone system is incomplete."
HSG-22,housing,AliExpress ROV sealed cabin 110 mm OD,clone electronics housing; contents and depth not stated,AliExpress (1005009244349135),CN,https://www.aliexpress.com/item/1005009244349135.html,81.9,HRK,17.87,1,10-20,listed,2026-09-28,0,,"Listing shows no length, material grade or depth rating. Price shown in HRK by the site (EUR = HRK/7.5345)."
HSG-23,housing,"Nylon IP68 cable gland PG7 (M12), 10-pack",PA66; 3-6.5 mm cable,AliExpress (32862986720),CN,https://www.aliexpress.com/item/32862986720.html,2.44,USD,7.10,10,10-20,listed,2026-09-28,0,,IP68 on glands usually means shallow immersion; not rated for 3 bar. Use on the O2 dry box or potted over; black only for UV.
HSG-24,housing,Stainless 304 IP68 cable gland M12,304 stainless; 3-6.5 mm cable,AliExpress (1005005076503432),CN,https://www.aliexpress.com/item/1005005076503432.html,28.43,HRK,8.77,1,10-20,listed,2026-09-28,0,,304 pits in sea water; 316 not confirmed. Depth rating not stated.
HSG-25,housing,"SP13 IP68 2-pin panel connector, plug + socket",dry-mate circular; screw lock,AliExpress (1005006769201518),CN,https://www.aliexpress.com/item/1005006769201518.html,22.16,HRK,7.94,1 pair,10-20,listed,2026-09-28,2,"rig B hydrophone connector through the box wall, one spare","IP68 only when mated; not wet-mate; depth unverified. Use above water on the O2 box, not on the O1 housing."
HSG-26,housing,"M12 A-coded IP68 metal connector pair, 20 cm leads",2-8 pin; dry-mate,AliExpress (1005007294630077),CN,https://www.aliexpress.com/item/1005007294630077.html,47.18,HRK,11.26,1 pair,10-20,listed,2026-09-28,0,,Nickel-plated brass shell corrodes in sea water; IP68 depth unverified; dry-mate only.
HSG-27,housing,"3M DP270 epoxy potting, 50 ml dual cartridge",2-part epoxy potting; needs 50 ml 1:1 gun,AliExpress (1005012925148272),CN,https://www.aliexpress.com/item/1005012925148272.html,50.5,HRK,11.70,1,10-20,listed,2026-09-28,2,epoxy potting,Counterfeit risk at this price; mixing gun extra. Buy from an EU electrical distributor if it fails a soak test.
HSG-28,housing,Silicone O-ring grease 100 g,plumbing silicone grease,AliExpress (1005011799915955),CN,https://www.aliexpress.com/item/1005011799915955.html,51.96,HRK,11.90,1,10-20,listed,2026-09-28,1,O-ring grease,Formulation unknown; must be pure silicone (no petroleum) for EPDM. Molykote 111 from an EU seller is the known-good option.
HSG-29,housing,"NBR O-ring assortment, 419 pcs, 32 sizes",nitrile; metric,AliExpress (1005012505350766),CN,https://www.aliexpress.com/item/1005012505350766.html,43.93,HRK,10.83,1 kit,10-20,listed,2026-09-28,1,O-ring kit,"For penetrators and spares only; keep maker EPDM O-rings for the unions. Petroleum grease swells EPDM, not NBR."
HSG-30,housing,Spare EPDM O-ring for d63 union,EPDM; fits d63 union,Pooldoktor (DE),EU,https://www.pooldoktor.net/shop/pvc-verschraubung-d63,2.9,EUR,6.05,1,4-7,estimate,2026-09-28,2,spare union O-rings,"Price from search snippet; size must match the union brand (GF, Plimat, TP differ). Ask GF dealer for the matching part."
HSG-31,housing,"Cast acrylic disc 10 mm, up to 100 mm dia",PMMA disc; 1-10 mm thick; custom diameter,AliExpress (1005009862093471),CN,https://www.aliexpress.com/item/1005009862093471.html,29.17,HRK,8.87,1,10-20,listed,2026-09-28,1,camera window disc,Cast vs extruded not stated (extruded crazes sooner). 10 mm over ~85 mm clear span gives ~7 MPa at 3 bar (simply supported).
HSG-32,housing,"Peli 1120 case, no foam","IP67 (1 m, 30 min); PP; ext 206x167x90 mm",PeliShop (DE),EU,https://www.pelishop.com/peli-1120-case.html,37.56,EUR,56.95,1,4-7,listed,2026-09-28,1,rig B dry box on the float,Listed excl. VAT; +25% VAT and ~EUR10 shipping estimate. Drilling a gland hole voids the IP67 rating; fine on a float.
HSG-33,housing,Spelsberg TK PC glass-fibre polycarbonate box (1809 size),IP66; DNV ships and offshore approval; 180x94x81 mm,EU electrical wholesaler (e.g. elektromax24.de),EU,https://www.spelsberg.com/industrial-housing/with-/-without-metric-knock-outs/12791001/,16.0,EUR,25.00,1,4-7,estimate,2026-09-28,0,,"Price range EUR13-24 for TK PC sizes seen at elektromax24; IP66 is spray-proof, not immersion. Size check against battery."
HSG-34,housing,"IP67 ABS junction box 160x160x90 mm, stainless latch",ABS; IP67,AliExpress (1005013101030768),CN,https://www.aliexpress.com/item/1005013101030768.html,174.8,HRK,31.20,1,10-20,listed,2026-09-28,0,,ABS yellows and embrittles in sun; IP67 claim unverified.
HSG-35,housing,Stainless A4 (316) bow shackle 5 mm (Marinetech 8324),AISI 316,Vijci Kranjec (vijci.com),EU,https://www.vijci.com/katalog/nautika/marinetech-inox/karabineri-skopci-kuke/skopac/,4.2,EUR,4.70,10 (pack),2-5,listed,2026-09-28,6,316 shackles,6 mm size listed but price not seen; sold in packs of 10. Mouse the pin with Monel or cable tie.
HSG-36,housing,"Polyester braided rope 8 mm, per metre","UV-stable, low stretch",Local chandlery (Porec/Vrsar),EU,n/a,0.8,EUR,0.80,1 m,0-2,estimate,2026-09-28,40,"rope, metres",Not checked online; typical chandlery price.
HSG-37,housing,"316 stainless hose clamp (W5), 60-80 mm",for bridle around housing,Local chandlery or vijci.com,EU,n/a,2.5,EUR,2.50,1,0-5,estimate,2026-09-28,8,316 hose clamps,Not checked online. Pad with rubber to avoid crevice corrosion and scoring the PVC.
HSG-38,housing,Lead weight 1 kg (sinker for O2 hydrophone),coated lead dive weight,Local dive shop,EU,n/a,6.0,EUR,6.00,1,0-2,estimate,2026-09-28,2,sinkers for the hanging hydrophone,Not checked online.
HSG-39,housing,Copper foil tape 50 mm x 20 m,self-adhesive copper foil,AliExpress (1005003118020966),CN,https://www.aliexpress.com/item/1005003118020966.html,25.14,HRK,8.34,1 roll,10-20,listed,2026-09-28,0,,Adhesive peels in sea water; copper next to stainless or aluminium causes galvanic corrosion. Not needed for 7-day deployments.
HSG-40,housing,"VEVOR 30 L steel pressure pot (R8311H), no gun","0.55 MPa (80 psi) max; relief vents above 0.5 MPa; ID 315 mm, depth 530 mm",VEVOR EU (eur.vevor.com),EU,https://eur.vevor.com/pressure-paint-pot-c_11088/vevor-pressure-pot-paint-tank-30-l-heavy-duty-steel-pressure-pot-tank-spray-paint-pressures-pots-with-three-quick-connect-couplers-for-home-use-diy-art-creations-large-diameter-tanks-p_010615095756,227.99,EUR,227.99,1,4-10,listed,2026-09-28,1,"pressure pot, 30 L","Search page showed EUR179.90, product page EUR227.99; VAT and HR shipping not stated (EU warehouse, free shipping assumed). Steel body rusts: drain and dry after each test."
HSG-41,housing,VEVOR 15 L pressure pot with gun,60 psi max; inner size not stated,VEVOR EU (eur.vevor.com),EU,https://eur.vevor.com/pressure-paint-pot-c_11088/vevor-spray-paint-pressure-pot-tank-15l-3-75gal-spray-gun-hoses-pressure-gauge-p_010901451355,74.9,EUR,74.90,1,4-10,listed,2026-09-28,0,,Inner depth unverified; may be too short for a 300 mm housing. Relief setting not confirmed.
HSG-42,housing,Hydrostatic hand test pump 2.5 MPa with gauge,25 bar; water; G1/2 hose,AliExpress (1005009840928767),CN,https://www.aliexpress.com/item/1005009840928767.html,165.32,HRK,39.94,1,10-20,listed,2026-09-28,1,hand test pump,Shipping for ~4 kg estimated EUR15. Gauge is 0-25 bar class; add a 0-6 bar gauge for a readable 2-3 bar.
HSG-43,housing,"Pressure gauge 0-6 bar, 63 mm, 1/4in BSP, plus 1/4in fittings",glycerine-filled,Local plumbing/compressor shop,EU,n/a,25.0,EUR,25.00,1 set,0-5,estimate,2026-09-28,1,gauge 0-6 bar,Not checked online.
HSG-44,housing,"Safety relief valve 1/2in, 3 bar (boiler type, e.g. Caleffi 311)","brass, EPDM membrane; opens at 3 bar",Mikic d.o.o. (mikicdoo.hr),EU,https://www.mikicdoo.hr/ventili/sigurnosni-ventili/sigurnosni-ventil-1-2-3-bara-za-grijanje-detail,12.0,EUR,12.00,1,2-5,estimate,2026-09-28,1,3 bar safety valve,Page shows an old HRK price (30 kn); current EUR price estimated. Caps test pressure when pumping with water.
HSG-45,housing,Silica gel desiccant 10 g x 50,"orange indicating beads, sachets",AliExpress (1005009258833573),CN,https://www.aliexpress.com/item/1005009258833573.html,25.39,HRK,8.37,50 sachets,10-20,listed,2026-09-28,1,desiccant packs,Dry in oven before use; indicating dye type not stated.
HSG-46,housing,Humidity indicator card 10-60% RH x 50,6-spot cobalt-free style card,AliExpress (1005007260342530),CN,https://www.aliexpress.com/item/1005007260342530.html,33.04,HRK,9.39,50 cards,10-20,listed,2026-09-28,1,humidity cards,Accuracy unverified; enough for a season.
PWR-01,power,LiTime 12V 50Ah LiFePO4 (Basic),"12.8 V, 640 Wh, 50 A BMS, 195x166x172 mm, no low-temp charge cutoff, 5-yr warranty",LiTime-DE (litime.de),EU,https://www.litime.de/en/products/litime-12v-50ah-lithium-lifepo4-battery,134.99,EUR,141.8,1,7,listed,2026-09-28,2,"camera battery on the float, one in use one charging",Price is a 62% auto-discount that may end. Free EU shipping. Delivered = listed/1.19*1.25 (HR VAT via OSS). Capacity-test on arrival (TLS-11).
PWR-02,power,LiTime 12V 20Ah LiFePO4 deep cycle,"12.8 V, 256 Wh, 2.2 kg, 182x77x172 mm, UL1973/UN38.3 claimed",LiTime-DE (litime.de),EU,https://www.litime.de/en/products/12v-20ah-deep-cycle-lithium-battery,79.0,EUR,83.0,1,7,estimate,2026-09-28,0,,"Price not shown on the page when checked; 256 Wh covers the Pi Zero case only at the low draw (1.0 W), no reserve."
PWR-03,power,Power Queen 12V 50Ah LiFePO4,"12.8 V, 640 Wh, 5-yr warranty, DE warehouse",Power Queen DE (ipowerqueen.de),EU,https://www.ipowerqueen.de/en/collections/power-queen-12v-lifepo4-batteries,159.99,EUR,168.06,1,7,listed,2026-09-28,0,,Free EU shipping except Greece and islands (Vrsar is mainland). Sale price. Capacity-test on arrival.
PWR-04,power,Power Queen 12V 100Ah NT Smart LiFePO4,"12.8 V, 1280 Wh, Bluetooth, about 10 kg",Power Queen DE (ipowerqueen.de),EU,https://www.ipowerqueen.de/en/collections/power-queen-12v-lifepo4-batteries,220.99,EUR,232.13,1,7,listed,2026-09-28,0,,Only needed for the Pi 4 case or Pi 4 plus IP camera. Heavy for boat swaps.
PWR-05,power,Liontron LiFePO4 12.8V 20Ah LX,"12.8 V, 256 Wh, 2.9 kg, 18x16x8 cm, German brand",compass24.de,EU,https://compass24.de/liontron-lifepo4-batterie-inkl.-batterie-management-system-404221/12-3000-90-20ah-256wh-2-9-lifepo4-12-20-18x16x8-20,249.99,EUR,312.5,1,9,listed,2026-09-28,0,,Adds a 49.90 EUR bulky-goods surcharge. Three times the LiTime price per Wh; listed for comparison only.
PWR-06,power,EVE LF105 LiFePO4 prismatic cell (EU stock),3.2 V 105 Ah Grade A; 4 cells = 12.8 V 1344 Wh; needs BMS and box,Docan Power (EU warehouse PL/DE),CN,https://www.docanpower.com/eu-stock,45.0,USD,58.0,4,7,listed,2026-09-28,0,,"Price ex VAT; 25% VAT and shipping share added. Test report on request. DIY build (BMS, busbars, box) needs skills; far more energy than needed."
PWR-07,power,32700 LiFePO4 cell 6 Ah (AliExpress EU stock),3.2 V 6 Ah claimed; 4S4P = 12.8 V 24 Ah,AliExpress EU-warehouse sellers (e.g. Hakadi),CN,https://endless-sphere.com/sphere/threads/32700-lifepo4-cells-in-eu.126385/,5.8,EUR,6.5,16,10,estimate,2026-09-28,0,,Forum price at qty 16. Tests found Hakadi cells at 65-80% of rated capacity. LiitoKala and EVE tested near spec. Weigh cells (genuine about 140 g).
PWR-08,power,Samsung INR21700-50E Li-ion cell,"3.6 V 4.9 Ah, 9.8 A, 69 g; 4S5P = 14.4 V 353 Wh",Nkon (NL),EU,https://www.nkon.nl/en/samsung-inr21700-50e.html,3.21,EUR,4.3,1,7,listed,2026-09-28,0,,Price at 10+ incl. NL VAT; HR VAT and shipping share added. Genuine-cell dealer with datasheet and UN38.3. Pack needs spot welding and a BMS (PWR-09).
PWR-09,power,4S Li-ion BMS 20 A (Daly or JBD class),"4S 16.8 V, balance, low-voltage cutoff",AliExpress,CN,https://www.aliexpress.com/,8.0,EUR,18.0,1,20,estimate,2026-09-28,0,,"Delivered includes 25% VAT, 3 EUR flat duty and 2.46 EUR post handling if no IOSS. Clones common."
PWR-10,power,"Prebuilt 12 V 3S 18650 pack with BMS, sold as 20 Ah","11.1 V nominal, capacity claim unverified",AliExpress,CN,https://www.aliexpress.com/,25.0,EUR,40.0,1,25,estimate,2026-09-28,0,,"Not recommended: capacity fraud common on no-name packs; standalone Li-ion cannot go by international post (UPU), so only EU-stock listings arrive reliably."
PWR-11,power,"Voltaic V75 USB power bank, Always On","72 Wh, 2x USB-A 5 V, no low-current cutoff, 7 mA self draw, pass-through",Kiwi Electronics (NL),EU,https://www.kiwi-electronics.com/en/v75-usb-battery-pack-10102,106.24,EUR,107.24,1,5,listed,2026-09-28,0,,Kiwi shows HR VAT (84.99 ex VAT). Battery items raise Kiwi shipping to 21.88 EUR per order (shared). 72 Wh runs a Pi Zero recorder only about 2 days; fits a camera pod.
PWR-12,power,Energizer Ultimate Lithium AA (L91),"1.5 V, about 3,000-3,500 mAh at low drain; 3 per HydroMoth per week","EU retail (Conrad, Links.hr, Amazon.de)",EU,https://www.openacousticdevices.info/batteries,2.2,EUR,2.2,12,3,estimate,2026-09-28,0,,Per cell. OAD quotes about 3600 mAh for lithium AA. Margin over 7 days at 96 kHz is only 1.3-1.5x.
PWR-13,power,Duracell Procell D alkaline (LR20),"1.5 V, over 12 Ah at 13.5 mA; 3 in series for HydroMoth",EU retail,EU,https://www.duracell.com/,1.4,EUR,1.4,12,3,estimate,2026-09-28,36,"D cells: 3 per swap, 2 recorders, 6 weeks",Per cell. Needs a 3xD holder wired to the HydroMoth battery input inside the O1 pipe (PWR-14). About 5x margin for 7 days.
PWR-14,power,3xD battery holder with leads,4.5 V series holder,"EU retail (Conrad, Kiwi)",EU,https://www.conrad.com/,4.0,EUR,4.0,1,3,estimate,2026-09-28,3,3xD holders,Must be strapped so cells cannot rattle loose in a moving housing.
PWR-15,power,LiTime 14.6V 10A LiFePO4 charger,"14.6 V 10 A, 3-stage, 0 V wake, Anderson plug, fan",LiTime-DE (litime.de),EU,https://www.litime.de/en/products/litime-12v-10a-lithium-battery-charger-for-12v-lifepo4-lithium-battery,65.99,EUR,69.32,1,7,listed,2026-09-28,1,LiFePO4 charger,49% auto-discount. Charges a 50 Ah pack in about 5 h.
PWR-16,power,Victron Blue Smart IP65s 12/5 charger,"12 V 5 A, LiFePO4 preset, Bluetooth, IP65",geizhals.de lowest offer; delani.hr stocks it in Croatia,EU,https://geizhals.de/victron-energy-blue-smart-ip65-12-5-bpc120533064r-a2437274.html,62.87,EUR,72.04,1,5,listed,2026-09-28,0,,"5 A means 10 h for 50 Ah, 20 h for 100 Ah; fine for weekly swaps. Croatian dealer price not read."
PWR-17,power,16.8 V 2 A Li-ion charger (4S),CC/CV 16.8 V for the 21700 pack,EU retail,EU,https://www.amazon.de/,15.0,EUR,20.0,1,5,estimate,2026-09-28,0,,"Only for the O1 Pi variant. Charge packs on the boat or ashore, never sealed in a housing."
PWR-18,power,Pololu D36V28F5 5 V 3.2 A step-down,"5.3-50 V in, 2-3 mA no-load, 10-20 uA/V when disabled",Pololu (US) via EU distributor,US,https://www.pololu.com/product/3782,23.95,USD,28.0,1,7,estimate,2026-09-28,0,,"Listed in USD; delivered estimated via an EU distributor. Its light-load mode switches above 20 kHz, which is inside our 20-48 kHz band: bench-record before use."
PWR-19,power,UBEC 5 V 3 A step-down,"5 V 3 A out, wide input",Kiwi Electronics (NL),EU,https://www.kiwi-electronics.com/en/ubec-dc-dc-step-down-buck-converter-5v-3a-output-9976,8.11,EUR,9.11,1,5,listed,2026-09-28,1,12 V to 5 V for the camera,No published quiescent current or switching frequency; bench-check noise and idle draw.
CMP-01,compute,HydroMoth 1.0.1 with underwater case,"AudioMoth-compatible recorder, 3xAA, 13.5 mA at 96 kHz (config app model), exFAT cards",GroupGets (US),US,https://groupgets.com/products/hydromoth,144.99,USD,196.0,1,15,listed,2026-09-28,0,,"Delivered is an estimate: USD at 0.86, about 25 USD shipping, 25% VAT, 3 EUR flat duty, about 10 EUR courier fee. Records through a built-in MEMS mic, not a calibrated hydrophone; audio group to judge. 81 in stock."
CMP-02,compute,HydroMoth with underwater case,"Same unit, EU seller",LABmaker (Berlin),EU,https://www.labmaker.org/products/hydromoth-with-underwater-case,145.0,USD,150.0,1,0,listed,2026-09-28,0,,Sold out when checked; no customs if it returns to stock. Lead time unknown (0 = not orderable).
CMP-03,compute,Raspberry Pi Zero 2 W,"4x A53 1 GHz, 512 MB LPDDR2; 75-125 mA idle at 5 V",reichelt (DE),EU,https://www.reichelt.com/de/en/raspberry-pi-zero-2-w-4x-1-ghz-512-mb-ram-wlan-bt-rasp-pi-zero2-w-p313902.html,19.4,EUR,26.33,1,160,listed,2026-09-28,0,,"Out of stock EU-wide on 2026-09-28: reichelt gives 6 Mar 2027 (22 Dec 2026 for the WH version), Kiwi 17.49 EUR no date, BerryBase, Pimoroni and Welectron out. Delivered includes 5.95 EUR shipping."
CMP-04,compute,Raspberry Pi 4 Model B 1GB,4x A72 1.5 GHz; about 2.85 W idle,Kiwi Electronics (NL),EU,https://www.kiwi-electronics.com/en/raspberry-pi-4-model-b-1gb-11017,39.36,EUR,40.36,1,10,listed,2026-09-28,1,"camera computer, Pi 4 1GB (Pi Zero 2 W out of stock)","Out of stock; Kiwi expects stock on 2026-10-01. 2 GB is 61.86 EUR (no date), 4 GB 111.86 EUR after 2026 DRAM price rises."
CMP-05,compute,Raspberry Pi 3 Model A+,"4x A53 1.4 GHz, 512 MB LPDDR2",Kiwi Electronics (NL),EU,https://www.kiwi-electronics.com/en/raspberry-pi-3-model-aplus-3913,28.11,EUR,29.11,1,30,listed,2026-09-28,0,,Out of stock when checked. Idle draw not checked; expect above the Zero 2 W.
CMP-06,compute,Radxa ZERO 3W 1GB,"RK3566 4x A55, Pi Zero form factor, USB host for UAC audio",Arace (HK),CN,https://arace.tech/products/radxa-zero-3w,32.9,USD,54.0,1,14,listed,2026-09-28,0,,"In stock. Delivered estimated: ~12 USD shipping, VAT, 3 EUR duty, 2.46 EUR post handling. Power draw not verified. Thinner software support; test 96 kHz capture before buying two."
CMP-07,compute,SanDisk Extreme microSDXC 256GB (SDSQXAV-256G),"U3 V30 A2, R190/W130",geizhals.eu lowest offer,EU,https://geizhals.eu/sandisk-extreme-r190-w130-microsdxc-256gb-kit-sdsqxav-256g-a2743890.html,39.99,EUR,46.0,1,5,listed,2026-09-28,0,,OAD recommends SanDisk Extreme U3 cards for AudioMoth energy use. Buy from an authorised shop and run f3 full write/verify.
CMP-08,compute,SanDisk High Endurance microSDXC 256GB (SDSQQNR-256G-GN6IA),"U3 V30, W40, rated 20,000 h recording",geizhals.de lowest offer,EU,https://geizhals.de/sandisk-high-endurance-r100-w60-microsdxc-256gb-kit-sdsqqnr-256g-gn6ia-a2041131.html,48.99,EUR,56.46,1,5,listed,2026-09-28,2,camera cards,geizhals.eu lowest was 68.69 EUR the same day. Not in OAD energy tests; measure HydroMoth current if used there. Fakes: f3/H2testw every card.
CMP-09,compute,Samsung PRO Endurance microSDXC 256GB (MB-MJ256KA/EU),"U3 V30, R100/W40, 140,160 h rated",geizhals.de lowest offer,EU,https://geizhals.de/samsung-pro-endurance-v101149.html,116.37,EUR,127.24,1,5,listed,2026-09-28,0,,2026 NAND prices make it 2-3x the SanDisk cards; not a pick.
CMP-10,compute,"Adafruit DS3231 Precision RTC, STEMMA QT","DS3231 TCXO, +/-2 ppm 0-40 C, I2C, CR1220 backup",Kiwi Electronics (NL),EU,https://www.kiwi-electronics.com/en/adafruit-ds3231-precision-rtc-stemma-qt-20019,16.61,EUR,17.61,1,5,listed,2026-09-28,1,camera clock,15 in stock. Genuine chip from a known maker.
CMP-11,compute,Adafruit PiRTC DS3231,DS3231 on a Pi header board,Kiwi Electronics (NL),EU,https://www.kiwi-electronics.com/en/adafruit-pirtc-precise-ds3231-real-time-clock-for-raspberry-pi-4313,16.86,EUR,17.86,1,5,listed,2026-09-28,0,,3 in stock.
CMP-12,compute,DS3231 ZS-042 clone module,"DS3231 plus AT24C32, CR2032",AliExpress,CN,https://www.aliexpress.com/,2.5,EUR,9.8,5,20,estimate,2026-09-28,0,,Remarked or DS3231M chips are common; board trickle-charges a non-rechargeable CR2032 (remove the resistor/diode). Duty and handling fees make it barely cheaper than CMP-10.
CMP-13,compute,Adafruit Ultimate GPS PA1616D,"GPS+GLONASS, PPS output, patch antenna, uFL",Kiwi Electronics (NL),EU,https://www.kiwi-electronics.com/en/adafruit-ultimate-gps-breakout-with-glonass-plus-gps-pa1616d-10882,33.74,EUR,34.74,1,5,listed,2026-09-28,0,,For O2 on the float: PPS into chrony keeps the Pi clock within microseconds. Camera Module 3 can emit RFI at GPS L1; keep them apart.
CMP-14,compute,u-blox NEO-6M clone GPS module (GY-NEO6MV2),"GPS, PPS pin, ceramic antenna",AliExpress,CN,https://www.aliexpress.com/,6.0,EUR,12.0,1,20,estimate,2026-09-28,0,,"Clone chips common; fine for setting time on deck, less sure for PPS."
CMP-15,compute,UUGear Witty Pi 4 Mini,"PCF85063A RTC +/-2 ppm, scheduled on/off, 0.5 mA standby, 5 V in",UUGear (CZ),EU,https://www.uugear.com/product/witty-pi-4-mini/,25.0,EUR,33.0,1,7,listed,2026-09-28,1,"camera on/off timer, off at night",Price includes HR VAT; shipping estimated at 8 EUR. Use it to switch a camera Pi off at night.
CAM-01,camera,"Raspberry Pi Camera Module 3 (standard, 75 deg)","Sony IMX708 12 MP, autofocus, HDR, up to 112 s exposure",Kiwi Electronics (NL),EU,https://www.kiwi-electronics.com/en/raspberry-pi-camera-3-11239,28.74,EUR,29.74,1,5,listed,2026-09-28,1,"camera, Camera Module 3 standard",95 in stock. Needs a flat window housing and a Pi next to it (CSI ribbon under 1 m).
CAM-02,camera,Raspberry Pi Camera Module 3 NoIR,IMX708 without IR-cut filter,Kiwi Electronics (NL),EU,https://www.kiwi-electronics.com/en/raspberry-pi-camera-3-noir-11240,28.74,EUR,29.74,1,5,listed,2026-09-28,0,,Not recommended: sea water absorbs near-IR within tens of cm and daylight colours shift.
CAM-03,camera,Raspberry Pi Camera Module 3 Wide,"IMX708, 120 deg diagonal",Kiwi Electronics (NL),EU,https://www.kiwi-electronics.com/en/raspberry-pi-camera-3-wide-11241,39.99,EUR,40.99,1,30,listed,2026-09-28,0,,"Out of stock, no date. A flat port narrows the view about 1.33x, so the wide lens helps."
CAM-04,camera,Blue Robotics Low-Light HD USB Camera,"IMX322 1080p30, 0.01 lux, onboard H.264, 5 V 220 mA max, UVC",Blue Robotics (US),US,https://bluerobotics.com/store/sensors-cameras/cameras/cam-usb-low-light-r1/,120.0,USD,174.0,1,15,listed,2026-09-28,0,,"Delivered estimated: USD at 0.86, ~30 USD shipping, VAT, 3 EUR duty, courier fee. Bare board needs a housing. USB 2.0 limits the cable to about 5 m without an active extender."
CAM-05,camera,"GoPro HERO9 Black, used (Good)","5K video, Labs firmware: scheduled capture, power-off long time-lapse, QR precision time",MPB (EU),EU,https://www.mpb.com/en-eu/product/gopro-hero9-black,159.0,EUR,169.0,1,7,listed,2026-09-28,0,,"12-month warranty. Shipping estimated. One battery gives about 400 power-off photos (Labs figure for HERO8); the dive case blocks external power, so 7 days needs a custom housing and 150-250 Wh."
CAM-06,camera,SJCAM SJ4000 Air with 30 m case,"4K/1080p, 900 mAh, car mode, interval photo",SJCAM or EU Amazon,CN,https://www.sjcam.com/product/sj4000-air/,60.0,EUR,70.0,1,10,estimate,2026-09-28,0,,Price not shown on the maker page. Runs about 1 h on its battery; car mode starts recording on USB power but loops over old files.
CAM-07,camera,Barlus UW-S5-3PBX10 underwater IP camera,"5 MP, 100 deg, 3 white + 4 IR LEDs, RTSP/ONVIF, 12 V/PoE up to 10 m cable, stainless, 50 m",Barlus (barluscam.com),CN,https://barluscam.com/products/cost-effective-underwater-camera-with-2-8-lens,280.0,USD,359.0,1,20,listed,2026-09-28,0,,"Delivered estimated: over 150 EUR so normal duty (camera duty assumed 0%, not checked), VAT and about 15 EUR broker fee. Power draw not published. Needs Ethernet at the recorder (Pi 4), so O2 only."
CAM-08,camera,"Underwater fishing camera with monitor/DVR, 15-30 m cable","1000TVL or 1080p, IR LEDs, 4.3-7 in monitor, internal Li-ion (hours)",Alibaba sellers,CN,https://www.alibaba.com/showroom/underwater-fish-camera.html,90.0,USD,124.0,1,20,estimate,2026-09-28,0,,"Alibaba range 23-131 USD. Runs hours, not days; useful for checking the rig from the boat, not for 7-day logging."
TLS-01,tools,Pinecil V2 soldering iron,"USB-C PD/DC 12-24 V, up to 88 W on 24 V",PINE64 store (HK),CN,https://pine64.com/product/pinecil-smart-mini-portable-soldering-iron/,25.99,USD,42.0,1,20,listed,2026-09-28,1,soldering iron,"Delivered estimated with shipping, VAT, 3 EUR duty, handling. Needs a 65 W+ USB-C PD supply (about 20 EUR)."
TLS-02,tools,Soldering station with ceramic heater 48 W,"Temperature-controlled station, stand, sponge",Kiwi Electronics (NL),EU,https://www.kiwi-electronics.com/en/soldering-station-with-ceramic-heater-48w-11355,82.49,EUR,83.49,1,5,listed,2026-09-28,0,,4 in stock. Shipping for this item alone is 26.88 EUR; ship it with the rest of the Kiwi order.
TLS-03,tools,Digital handheld multimeter MP730835,Basic DMM,Kiwi Electronics (NL),EU,https://www.kiwi-electronics.com/en/digital-handheld-multimeter-mp730835-11482,31.24,EUR,32.24,1,5,listed,2026-09-28,1,multimeter,Check it has a uA range before relying on it for HydroMoth sleep current.
TLS-04,tools,"Digital multimeter True RMS, CAT III 1000 V, 10 A","True RMS, 10 A range",Kiwi Electronics (NL),EU,https://www.kiwi-electronics.com/en/digital-multimeter-cat-iii-1000v-cat-iv-600v-10a-true-rms-19962,74.99,EUR,75.99,1,5,listed,2026-09-28,0,,10 in stock.
TLS-05,tools,Crimping tool for bootlace ferrules 0.25-2.5 mm2,Ferrule crimper,Kiwi Electronics (NL),EU,https://www.kiwi-electronics.com/en/crimping-tool-for-bootlace-ferrules-0-25mm2-2-5mm2-20528,24.99,EUR,25.99,1,5,listed,2026-09-28,1,ferrule crimper,For screw-terminal power wiring.
TLS-06,tools,Engineer-style PA-09 crimper,JST/Dupont open-barrel crimps,Kiwi Electronics (NL),EU,https://www.kiwi-electronics.com/en/jst-crimping-tool-pa-09-916,49.99,EUR,50.99,1,5,listed,2026-09-28,0,,31 in stock.
TLS-07,tools,Crimping pliers for non-insulated connectors,Ring and butt terminals,Kiwi Electronics (NL),EU,https://www.kiwi-electronics.com/en/crimping-pliers-for-non-isolated-connectors-11095,11.86,EUR,12.86,1,5,listed,2026-09-28,0,,Budget tool; fine for battery ring lugs up to its range.
TLS-08,tools,"Heat shrink pack (assorted, plain)",Assorted diameters,Kiwi Electronics (NL),EU,https://www.kiwi-electronics.com/en/heat-shrink-pack-1070,4.36,EUR,5.36,1,5,listed,2026-09-28,1,heat shrink,Plain tube; not sealing.
TLS-09,tools,Adhesive-lined 3:1 heat shrink assortment,"Glue-lined, seals splices against water","EU retail (Conrad, Amazon.de)",EU,https://www.conrad.com/,18.0,EUR,18.0,1,5,estimate,2026-09-28,1,glue-lined heat shrink,Use on every splice that could see spray or condensation.
TLS-10,tools,Heat gun,"About 2000 W, two heat settings",EU retail,EU,https://www.conrad.com/,30.0,EUR,30.0,1,5,estimate,2026-09-28,1,heat gun,Needed for adhesive heat shrink.
TLS-11,tools,DL24 150 W electronic load / capacity tester,"0-30 A, logs Ah and Wh",AliExpress,CN,https://www.aliexpress.com/,30.0,EUR,49.0,1,20,estimate,2026-09-28,1,battery capacity tester,"Use it to capacity-test every LiFePO4 pack and cell batch on arrival, and inside the 30-day return window."
TLS-12,tools,USB-C/USB-A power meter (FNIRSI FNB48 class),"Logs V, A, Wh at 5 V",AliExpress or EU Amazon,CN,https://www.aliexpress.com/,25.0,EUR,30.0,1,10,estimate,2026-09-28,1,USB power meter,"Measures the real Pi plus audio draw, which sets battery size."
